District,County,Subcounty,Subcounty Population
Amuria,Amuria,Abarilela,24290
Amuria,Amuria,Akeriau,14227
Amuria,Amuria,Amuria Town Council,7262
Amuria,Amuria,Apeduru,14718
Amuria,Amuria,Asamuk,21385
Amuria,Amuria,Kuju,18066
Amuria,Amuria,Morungatuny,17180
Amuria,Amuria,Ogolai,13891
Amuria,Amuria,Orungo,14758
Amuria,Amuria,Wera,24124
Amuria,Amuria,Willa,13447
Amuria,Kapelebyong,Acowa,18539
Amuria,Kapelebyong,Akoromit,18059
Amuria,Kapelebyong,Kapelebyong,19211
Amuria,Kapelebyong,Obalanga,17966
Amuria,Kapelebyong,Okungur,13805
Budaka,Budaka,Budaka,11074
Budaka,Budaka,Budaka Town Council,23809
Budaka,Budaka,Kachomo,14506
Budaka,Budaka,Kaderuna,17017
Budaka,Budaka,Kakule,12452
Budaka,Budaka,Lyama,19188
Budaka,Budaka,Naboa,13945
Budaka,Budaka,Nansanga,9643
Budaka,Iki-Iki,Iki-Iki,18605
Budaka,Iki-Iki,Kameruka,14907
Budaka,Iki-Iki,Kamonkoli,24764
Budaka,Iki-Iki,Katiira,16194
Budaka,Iki-Iki,Mugiti,11493
Bududa,Manjiya,Bubiita,6983
Bududa,Manjiya,Bududa,10796
Bududa,Manjiya,Bududa Town Council,6799
Bududa,Manjiya,Bukalasi,12906
Bududa,Manjiya,Bukibokolo,10042
Bududa,Manjiya,Bukigai,17756
Bududa,Manjiya,Bulucheke,15109
Bududa,Manjiya,Bumasheti,15930
Bududa,Manjiya,Bumayoka,19251
Bududa,Manjiya,Bushika,30926
Bududa,Manjiya,Bushiribo,11541
Bududa,Manjiya,Bushiyi,15751
Bududa,Manjiya,Buwali,6367
Bududa,Manjiya,Nabweya,10248
Bududa,Manjiya,Nakatsi,10877
Bududa,Manjiya,Nalwanza,8891
Bugiri,Bugiri Municipality,Eastern Division,13824
Bugiri,Bugiri Municipality,Western Division,14923
Bugiri,Bukooli North,Budhaya,28472
Bugiri,Bukooli North,Bulesa,39727
Bugiri,Bukooli North,Bulidha,24272
Bugiri,Bukooli North,Buluguyi,31411
Bugiri,Bukooli North,Buwunga,46762
Bugiri,Bukooli North,Iwemba,19297
Bugiri,Bukooli North,Kapyanga,58531
Bugiri,Bukooli North,Muterere,27907
Bugiri,Bukooli North,Nabukalu,36628
Bugiri,Bukooli North,Nankoma,41159
Buhweju,Buhweju,Bihanga,13347
Buhweju,Buhweju,Bitsya,15822
Buhweju,Buhweju,Burere,19221
Buhweju,Buhweju,Engaju,18981
Buhweju,Buhweju,Karungu,15438
Buhweju,Buhweju,Nsiika Town Council,2956
Buhweju,Buhweju,Nyakishana,17990
Buhweju,Buhweju,Rwengwe,16965
Buikwe,Buikwe,Buikwe,36152
Buikwe,Buikwe,Buikwe Town Council,33088
Buikwe,Buikwe,Najja,87970
Buikwe,Buikwe,Ngogwe,71048
Buikwe,Buikwe,Nkokonjeru Town Council,18022
Buikwe,Buikwe,Ssi-Bukunja,51116
Buikwe,Lugazi Municipality,Central Division,80466
Buikwe,Lugazi Municipality,Kawolo Division,81940
Buikwe,Lugazi Municipality,Najjembe Division,66642
Buikwe,Njeru Municipality,Njeru Division,137588
Buikwe,Njeru Municipality,Nyenga Division,99250
Buikwe,Njeru Municipality,Wakisi Division,82260
Bukedea,Bukedea,Bukedea,30439
Bukedea,Bukedea,Bukedea Town Council,10927
Bukedea,Bukedea,Kachumbala,55422
Bukedea,Bukedea,Kidongole,28203
Bukedea,Bukedea,Kolir,32733
Bukedea,Bukedea,Malera,45876
Bukomansimbi,Bukomansimbi,Bigasa,84016
Bukomansimbi,Bukomansimbi,Bukomansimbi Town Council,19396
Bukomansimbi,Bukomansimbi,Butenga,76910
Bukomansimbi,Bukomansimbi,Kibinge,65594
Bukomansimbi,Bukomansimbi,Kitanda,56910
Bukwo,Kongasis,Bukwo,8450
Bukwo,Kongasis,Bukwo Town Council,7589
Bukwo,Kongasis,Chepkwasta,8408
Bukwo,Kongasis,Chesower,6555
Bukwo,Kongasis,Kabei,6322
Bukwo,Kongasis,Kamet,5117
Bukwo,Kongasis,Kaptererwo,8736
Bukwo,Kongasis,Kortek,5799
Bukwo,Kongasis,Riwo,7635
Bukwo,Kongasis,Senendet,8811
Bukwo,Kongasis,Suam,10736
Bukwo,Kongasis,Tulel,5198
Bulambuli,Bulambuli,Buginyanya,5518
Bulambuli,Bulambuli,Bukhalu,28044
Bulambuli,Bulambuli,Bulaago,9469
Bulambuli,Bulambuli,Bulambuli Town Council,3263
Bulambuli,Bulambuli,Bulegeni,5092
Bulambuli,Bulambuli,Bulegeni Town Council,10617
Bulambuli,Bulambuli,Buluganya,12944
Bulambuli,Bulambuli,Bumasobo,8045
Bulambuli,Bulambuli,Bumugibole,6482
Bulambuli,Bulambuli,Bunambutye,8391
Bulambuli,Bulambuli,Bwikhonge,7765
Bulambuli,Bulambuli,Kamu,6353
Bulambuli,Bulambuli,Lusha,8814
Bulambuli,Bulambuli,Masiira,9522
Bulambuli,Bulambuli,Muyembe,7580
Bulambuli,Bulambuli,Nabbongo,9582
Bulambuli,Bulambuli,Namisuni,8672
Bulambuli,Bulambuli,Simu,5351
Bulambuli,Bulambuli,Sisiyi,13009
Buliisa,Buliisa,Biiso,16378
Buliisa,Buliisa,Buliisa,17138
Buliisa,Buliisa,Buliisa Town Council,7238
Buliisa,Buliisa,Butiaba,28911
Buliisa,Buliisa,Kigwera,13628
Buliisa,Buliisa,Kihungya,12396
Buliisa,Buliisa,Ngwedo,17472
Bundibugyo,Bughendera,Bukonzo,10687
Bundibugyo,Bughendera,Burondo,5435
Bundibugyo,Bughendera,Harugale,12600
Bundibugyo,Bughendera,Kagugu,3291
Bundibugyo,Bughendera,Kasitu,8195
Bundibugyo,Bughendera,Nduguto,11406
Bundibugyo,Bughendera,Ngamba,10504
Bundibugyo,Bughendera,Ntandi Town Council,7577
Bundibugyo,Bughendera,Ntotoro,10499
Bundibugyo,Bughendera,Sindila,7758
Bundibugyo,Bwamba,Bubandi,17057
Bundibugyo,Bwamba,Bubukwanga,11340
Bundibugyo,Bwamba,Bundibugyo Town Council,18952
Bundibugyo,Bwamba,Bundingoma,4582
Bundibugyo,Bwamba,Busaru,14840
Bundibugyo,Bwamba,Kirumya,11166
Bundibugyo,Bwamba,Kisubba,16876
Bundibugyo,Bwamba,Mirambi,13159
Bundibugyo,Bwamba,Nyahuka Town Council,16696
Bundibugyo,Bwamba,Tokwe,11767
Bunyangabu,Bunyangabu,Buheesi,22139
Bunyangabu,Bunyangabu,Buheesi Town Council,13983
Bunyangabu,Bunyangabu,Kabonero,19354
Bunyangabu,Bunyangabu,Katebwa,9347
Bunyangabu,Bunyangabu,Kibiito,18797
Bunyangabu,Bunyangabu,Kibiito Town Council,12788
Bunyangabu,Bunyangabu,Kisomoro,23490
Bunyangabu,Bunyangabu,Kyamukube Town Council,11511
Bunyangabu,Bunyangabu,Rubona Town Council,5602
Bunyangabu,Bunyangabu,Rwimi,17020
Bunyangabu,Bunyangabu,Rwimi Town Council,16216
Bushenyi,Bushenyi-Ishaka Municipality,Central Divison,16613
Bushenyi,Bushenyi-Ishaka Municipality,Ishaka Divison,16439
Bushenyi,Bushenyi-Ishaka Municipality,Nyakabirizi Division,8165
Bushenyi,Igara,Bitooma,13411
Bushenyi,Igara,Bumbaire,14221
Bushenyi,Igara,Ibaare,11584
Bushenyi,Igara,Kakanju,22844
Bushenyi,Igara,Kyabugimbi,19275
Bushenyi,Igara,Kyamuhunga,20976
Bushenyi,Igara,Kyamuhunga Town Council,14853
Bushenyi,Igara,Kyeizooba,26640
Bushenyi,Igara,Nyabubare,35911
Bushenyi,Igara,Ruhumuro,13511
Busia,Busia Municipality,Eastern Division,31935
Busia,Busia Municipality,Western Division,22863
Busia,Samia-Bugwe,Buhehe,19908
Busia,Samia-Bugwe,Bulumbi,15291
Busia,Samia-Bugwe,Busime,18574
Busia,Samia-Bugwe,Busitema,17340
Busia,Samia-Bugwe,Buteba,27540
Busia,Samia-Bugwe,Buyanga,18359
Busia,Samia-Bugwe,Dabani,29142
Busia,Samia-Bugwe,Lumino,14714
Busia,Samia-Bugwe,Lunyo,14975
Busia,Samia-Bugwe,Majanji,10865
Busia,Samia-Bugwe,Masaba,23378
Busia,Samia-Bugwe,Masafu,20153
Busia,Samia-Bugwe,Masinya,19997
Busia,Samia-Bugwe,Sikuda,18628
Butaleja,Bunyole,Budumba,23009
Butaleja,Bunyole,Busaba,24702
Butaleja,Bunyole,Busabi,18260
Butaleja,Bunyole,Busolwe,14848
Butaleja,Bunyole,Busolwe Town Council,13640
Butaleja,Bunyole,Butaleja,15846
Butaleja,Bunyole,Butaleja Town Council,19561
Butaleja,Bunyole,Himutu,14724
Butaleja,Bunyole,Kachonga,25340
Butaleja,Bunyole,Mazimasa,32895
Butaleja,Bunyole,Nawanjofu,19621
Butaleja,Bunyole,Naweyo,21707
Butambala,Butambala,Budde,27468
Butambala,Butambala,Bulo,37844
Butambala,Butambala,Gombe Town Council,31106
Butambala,Butambala,Kalamba,39030
Butambala,Butambala,Kibibi,28910
Butambala,Butambala,Ngando,37322
Butebo,Butebo Town Council,Butebo,29393
Butebo,Butebo Town Council,Kabwangasi,28552
Butebo,Butebo Town Council,Kakoro,17305
Butebo,Butebo Town Council,Kanginima,9887
Butebo,Butebo Town Council,Kibale,16410
Butebo,Butebo Town Council,Opwateta,16799
Butebo,Butebo Town Council,Petete,26625
Buvuma,Buvuma Island,Bugaya,9688
Buvuma,Buvuma Island,Busamuzi,32574
Buvuma,Buvuma Island,Buvuma Town Council,19870
Buvuma,Buvuma Island,Buwooya,25666
Buvuma,Buvuma Island,Bweema,17548
Buvuma,Buvuma Island,Lubya,12916
Buvuma,Buvuma Island,Lwajje,8784
Buvuma,Buvuma Island,Lyabaana,14068
Buvuma,Buvuma Island,Nairambi,38666
Buyende,Budiope,Bugaya,83945
Buyende,Budiope,Buyende,43263
Buyende,Budiope,Buyende Town Council,23201
Buyende,Budiope,Kagulu,76682
Buyende,Budiope,Kidera,65777
Buyende,Budiope,Nkondo,30199
Gomba,Gomba,Kabulasoke,99908
Gomba,Gomba,Kanoni Town Council,24878
Gomba,Gomba,Kyegonza,60480
Gomba,Gomba,Maddu,70714
Gomba,Gomba,Mpenja,63864
Hoima,Bugahya,Buhanika,14172
Hoima,Bugahya,Buseruka,42505
Hoima,Bugahya,Kigorobya,67121
Hoima,Bugahya,Kigorobya Town Council,5845
Hoima,Bugahya,Kitoba,34810
Hoima,Bugahya,Kyabigambire,40979
Hoima,Buhaguzi,Bugambe,30045
Hoima,Buhaguzi,Buhimba,39307
Hoima,Buhaguzi,Kabwoya,66830
Hoima,Buhaguzi,Kiziranfumbi,35184
Hoima,Buhaguzi,Kyangwali,96089
Hoima,Hoima Municipality,Bujumbura Division,22199
Hoima,Hoima Municipality,Busiisi Division,19287
Hoima,Hoima Municipality,Kahoora Divison,35458
Hoima,Hoima Municipality,Mparo Divison,23155
Ibanda,Ibanda,Igorora Town Council,5880
Ibanda,Ibanda,Ishongororo,14698
Ibanda,Ibanda,Ishongororo Town Council,22258
Ibanda,Ibanda,Keihangara,11508
Ibanda,Ibanda,Kicuzi,16510
Ibanda,Ibanda,Kijongo,10699
Ibanda,Ibanda,Kikyenkye,11814
Ibanda,Ibanda,Nyamarebe,23238
Ibanda,Ibanda,Rukiri,24298
Ibanda,Ibanda,Rushango Town Council,3917
Ibanda,Ibanda Municipality,Bisheshe Division,31539
Ibanda,Ibanda Municipality,Bufunda Division,38047
Ibanda,Ibanda Municipality,Kagango Division,35219
Iganga,Bugweri,Busembatia Town Council,11948
Iganga,Bugweri,Buyanga,50478
Iganga,Bugweri,Ibulanku,34540
Iganga,Bugweri,Igombe,17067
Iganga,Bugweri,Makuutu,27862
Iganga,Bugweri,Namalemba,22991
Iganga,Iganga Municipality,Central Division,30445
Iganga,Iganga Municipality,Northern Division,24818
Iganga,Kigulu,Bulamogi,29413
Iganga,Kigulu,Nabitende,28284
Iganga,Kigulu,Nakalama,46386
Iganga,Kigulu,Nakigo,39279
Iganga,Kigulu,Nambale,46640
Iganga,Kigulu,Namungalwe,37177
Iganga,Kigulu,Nawandala,31250
Iganga,Kigulu,Nawanyingi,25619
Isingiro,Bukanga,Endiinzi,16753
Isingiro,Bukanga,Endiinzi Town Council,7298
Isingiro,Bukanga,Kakamba,28893
Isingiro,Bukanga,Mbaare,33458
Isingiro,Bukanga,Nakivale Refugee Camp,55870
Isingiro,Bukanga,Ngarama,28006
Isingiro,Bukanga,Rugaaga,33015
Isingiro,Bukanga,Rushasha,13066
Isingiro,Isingiro,Birere,21229
Isingiro,Isingiro,Isingiro Town Council,27991
Isingiro,Isingiro,Kaberebere Town Council,6743
Isingiro,Isingiro,Kabingo,21845
Isingiro,Isingiro,Kabuyanda,21193
Isingiro,Isingiro,Kabuyanda Town Council,16376
Isingiro,Isingiro,Kikagate,50531
Isingiro,Isingiro,Masha,26073
Isingiro,Isingiro,Nyakitunda,41554
Isingiro,Isingiro,Nyamuyanja,15713
Isingiro,Isingiro,Oruchinga Refugee Camp,3190
Isingiro,Isingiro,Ruborogota,17563
Jinja,Butembe,Bugembe Town Council,41707
Jinja,Butembe,Busedde,36717
Jinja,Butembe,Kakira Town Council,32693
Jinja,Butembe,Mafubira,78671
Jinja,Jinja Municipality,Central Division,21467
Jinja,Jinja Municipality,Masese Walukuba,31105
Jinja,Jinja Municipality,Mpumudde Division,23616
Jinja,Kagoma,Budondo,50508
Jinja,Kagoma,Butagaya,53546
Jinja,Kagoma,Buwenge,46616
Jinja,Kagoma,Buwenge Town Council,22126
Jinja,Kagoma,Buyengo,32470
Kabale,Kabale Municipality,Central Division,15890
Kabale,Kabale Municipality,Northern Division,12486
Kabale,Kabale Municipality,Southern Division,20810
Kabale,Ndorwa,Buhara,25699
Kabale,Ndorwa,Butanda,18131
Kabale,Ndorwa,Kaharo,19400
Kabale,Ndorwa,Kamuganguzi,20690
Kabale,Ndorwa,Katuna Town Council,10068
Kabale,Ndorwa,Kitumba,18932
Kabale,Ndorwa,Kyanamira,19931
Kabale,Ndorwa,Maziba,21072
Kabale,Ndorwa,Rubaya,20302
Kabale,Ndorwa,Ryakirimira Town Council,7198
Kabarole,Burahya,Bukuuku,11026
Kabarole,Burahya,Busoro,25984
Kabarole,Burahya,Hakibaale,36375
Kabarole,Burahya,Karago Town Council,9743
Kabarole,Burahya,Karambi,25984
Kabarole,Burahya,Karangura,12340
Kabarole,Burahya,Kasenda,24090
Kabarole,Burahya,Kicwamba,35111
Kabarole,Burahya,Kijura Town Council,10732
Kabarole,Burahya,Kiko Town Council,12021
Kabarole,Burahya,Mugusu,13387
Kabarole,Burahya,Mugusu Town Council,10315
Kabarole,Burahya,Ruteete,18095
Kabarole,Fort Portal Municipality,Eastern Division,18524
Kabarole,Fort Portal Municipality,Southern Division,16627
Kabarole,Fort Portal Municipality,Western Division,18635
Kaberamaido,Kaberamaido,Alwa,23332
Kaberamaido,Kaberamaido,Aperkira,14298
Kaberamaido,Kaberamaido,Kaberamaido,17716
Kaberamaido,Kaberamaido,Kaberamaido Town Council,4032
Kaberamaido,Kaberamaido,Kobulubulu,19658
Kaberamaido,Kaberamaido,Ochero,26116
Kaberamaido,Kalaki,Anyara,21971
Kaberamaido,Kalaki,Apapai,11224
Kaberamaido,Kalaki,Bululu,21390
Kaberamaido,Kalaki,Kakure,12611
Kaberamaido,Kalaki,Kalaki,16725
Kaberamaido,Kalaki,Otuboi,25953
Kagadi,Buyaga,Burora,13115
Kagadi,Buyaga,Bwikara,41633
Kagadi,Buyaga,Kabamba,17184
Kagadi,Buyaga,Kagadi,13075
Kagadi,Buyaga,Kagadi Town Council,22894
Kagadi,Buyaga,Kiryanga,24304
Kagadi,Buyaga,Kyakabadiima,9498
Kagadi,Buyaga,Kyanaisoke,15321
Kagadi,Buyaga,Kyaterekera,24282
Kagadi,Buyaga,Kyenzige,16163
Kagadi,Buyaga,Mabaale,25503
Kagadi,Buyaga,Mpeefu,38850
Kagadi,Buyaga,Muhorro,14509
Kagadi,Buyaga,Muhorro Town Council,22392
Kagadi,Buyaga,Ndaiga,8660
Kagadi,Buyaga,Paacwa,16081
Kagadi,Buyaga,Rugashari,15745
Kagadi,Buyaga,Ruteete,11824
Kakumiro,Bugangaizi,Birembo,27454
Kakumiro,Bugangaizi,Bwanswa,16604
Kakumiro,Bugangaizi,Kakindo,35846
Kakumiro,Bugangaizi,Kakumiro Town Council,9834
Kakumiro,Bugangaizi,Kasambya,31432
Kakumiro,Bugangaizi,Kikwaya,23162
Kakumiro,Bugangaizi,Kisiita,58507
Kakumiro,Bugangaizi,Kitaihuka,15074
Kakumiro,Bugangaizi,Mpasaana,23021
Kakumiro,Bugangaizi,Nalweyo,17498
Kakumiro,Bugangaizi,Nkooko,34676
Kalangala,Bujumba,Bujumba,23112
Kalangala,Bujumba,Kalangala Town Council,9960
Kalangala,Bujumba,Mugoye,24448
Kalangala,Kyamuswa,Bubeke,10266
Kalangala,Kyamuswa,Bufumira,20584
Kalangala,Kyamuswa,Kyamuswa,9462
Kalangala,Kyamuswa,Mazinga,10754
Kaliro,Bulamogi,Budomero,24340
Kaliro,Bulamogi,Bukamba,26776
Kaliro,Bulamogi,Bumanya,25961
Kaliro,Bulamogi,Buyinda,8515
Kaliro,Bulamogi,Gadumire,26473
Kaliro,Bulamogi,Kaliro Town Council,16753
Kaliro,Bulamogi,Kasokwe,15139
Kaliro,Bulamogi,Kisinda,8182
Kaliro,Bulamogi,Namugongo,20008
Kaliro,Bulamogi,Namwiwa,27460
Kaliro,Bulamogi,Nansololo,14302
Kaliro,Bulamogi,Nawaikoke,22290
Kalungu,Kalungu,Bukulula,87774
Kalungu,Kalungu,Kalungu,79468
Kalungu,Kalungu,Kalungu Town Council,16232
Kalungu,Kalungu,Kyamulibwa,56530
Kalungu,Kalungu,Kyamulibwa Town Council,9630
Kalungu,Kalungu,Lukaya Town Council,48326
Kalungu,Kalungu,Lwabenge,68504
Kampala,KCCA,Central Division,150336
Kampala,KCCA,Kawempe Division,677330
Kampala,KCCA,Makindye Division,786016
Kampala,KCCA,Nakawa Division,634046
Kampala,KCCA,Rubaga Division,766432
Kamuli,Bugabula,Balawoli,54298
Kamuli,Bugabula,Bulopa,28909
Kamuli,Bugabula,Butansi,29570
Kamuli,Bugabula,Kitayunjwa,40087
Kamuli,Bugabula,Nabwigulu,21987
Kamuli,Bugabula,Namasagali,37563
Kamuli,Bugabula,Namwendwa,57606
Kamuli,Buzaaya,Bugulumbya,36281
Kamuli,Buzaaya,Kisozi,47700
Kamuli,Buzaaya,Mbulamuti,29507
Kamuli,Buzaaya,Nawanyago,23839
Kamuli,Buzaaya,Wankole,19988
Kamuli,Kamuli Municipality,Northern Division,30272
Kamuli,Kamuli Municipality,Southern Division,28712
Kamwenge,Kibale,Biguli,34231
Kamwenge,Kibale,Bihanga,14308
Kamwenge,Kibale,Busiriba,28044
Kamwenge,Kibale,Bwizi,28764
Kamwenge,Kibale,Kabambiro,15484
Kamwenge,Kibale,Kahunge,36400
Kamwenge,Kibale,Kamwenge,22010
Kamwenge,Kibale,Kamwenge Town Council,19286
Kamwenge,Kibale,Nkoma,31954
Kamwenge,Kibale,Rwamwanja Refugee Camp,40187
Kamwenge,Kitagwenda,Buhanda,24001
Kamwenge,Kitagwenda,Kanara,13671
Kamwenge,Kitagwenda,Kicheche,26338
Kamwenge,Kitagwenda,Mahyoro,29107
Kamwenge,Kitagwenda,Ntara,28716
Kamwenge,Kitagwenda,Nyabbani,21953
Kanungu,Kinkiizi,Butogota Town Council,10315
Kanungu,Kinkiizi,Kambuga,21988
Kanungu,Kinkiizi,Kambuga Town Council,5825
Kanungu,Kinkiizi,Kanungu Town Council,15056
Kanungu,Kinkiizi,Kanyantorogo,18949
Kanungu,Kinkiizi,Katete,7276
Kanungu,Kinkiizi,Kayonza,27588
Kanungu,Kinkiizi,Kihihi,17967
Kanungu,Kinkiizi,Kihiihi Town Council,19812
Kanungu,Kinkiizi,Kinaaba,8478
Kanungu,Kinkiizi,Kirima,17655
Kanungu,Kinkiizi,Mpungu,11946
Kanungu,Kinkiizi,Nyakinoni,8743
Kanungu,Kinkiizi,Nyamirama,18814
Kanungu,Kinkiizi,Nyanga,7423
Kanungu,Kinkiizi,Rugyeyo,20731
Kanungu,Kinkiizi,Rutenga,13578
Kapchorwa,Kapchorwa Municipality,Central Division,12795
Kapchorwa,Kapchorwa Municipality,Eastern Division,11225
Kapchorwa,Kapchorwa Municipality,Western Division,19575
Kapchorwa,Tingey,Amukol,3775
Kapchorwa,Tingey,Chema,8650
Kapchorwa,Tingey,Chepterech,4077
Kapchorwa,Tingey,Gamogo,3376
Kapchorwa,Tingey,Kabeywa,5221
Kapchorwa,Tingey,Kapsinda,7429
Kapchorwa,Tingey,Kaptanya,7233
Kapchorwa,Tingey,Kaserem,4710
Kapchorwa,Tingey,Kawowo,6910
Kapchorwa,Tingey,Munarya,5515
Kapchorwa,Tingey,Sipi,4695
Kasese,Bukonzo,Bwera,17509
Kasese,Bukonzo,Ihandiro,13261
Kasese,Bukonzo,Isango,8229
Kasese,Bukonzo,Karambi,25792
Kasese,Bukonzo,Kisinga,24474
Kasese,Bukonzo,Kisinga Town Council,16041
Kasese,Bukonzo,Kitholhu,16871
Kasese,Bukonzo,Kyarumba,42074
Kasese,Bukonzo,Kyondo,23965
Kasese,Bukonzo,Mahango,19875
Kasese,Bukonzo,Mpondwe-Lhubiriha,51351
Kasese,Bukonzo,Munkunyu,33641
Kasese,Bukonzo,Nyakatonzi,4997
Kasese,Bukonzo,Nyakiyumbu,30513
Kasese,Busongora,Bugoye,35531
Kasese,Busongora,Buhuhira,18290
Kasese,Busongora,Bwesumbu,21135
Kasese,Busongora,Hima Town Council,13135
Kasese,Busongora,Karusandara,11957
Kasese,Busongora,Katwe Kabatoro Town Council,6403
Kasese,Busongora,Kilembe,13302
Kasese,Busongora,Kitswamba,29707
Kasese,Busongora,Kyabarungira,16360
Kasese,Busongora,Lake Katwe,19636
Kasese,Busongora,Maliba,46652
Kasese,Busongora,Muhokya,19222
Kasese,Busongora,Rukoki,13999
Kasese,Kasese Municipality,Bulembia Division,13251
Kasese,Kasese Municipality,Central Division,31711
Kasese,Kasese Municipality,Nyamwamba Division,56103
Katakwi,Toroma,Kapujan,13084
Katakwi,Toroma,Magoro,18667
Katakwi,Toroma,Omodoi,16868
Katakwi,Toroma,Toroma,11713
Katakwi,Usuk,Katakwi,36902
Katakwi,Usuk,Katakwi Town Council,7758
Katakwi,Usuk,Ngariam,10946
Katakwi,Usuk,Ongongoja,16419
Katakwi,Usuk,Palam,12650
Katakwi,Usuk,Usuk,21224
Kayunga,Bbaale,Bbaale,34338
Kayunga,Bbaale,Galiraya,48306
Kayunga,Bbaale,Kayonza,118854
Kayunga,Bbaale,Kitimbwa,91000
Kayunga,Ntenjeru,Busaana,112976
Kayunga,Ntenjeru,Kangulumira,107508
Kayunga,Ntenjeru,Kayunga,83564
Kayunga,Ntenjeru,Kayunga Town Council,54122
Kayunga,Ntenjeru,Nazigo,85456
Kibaale,Buyanja,Bubango,18153
Kibaale,Buyanja,Bwamiramira,10417
Kibaale,Buyanja,Kabasekende,7763
Kibaale,Buyanja,Kasimbi,10040
Kibaale,Buyanja,Kibaale Town Council,6650
Kibaale,Buyanja,Kyebando,13335
Kibaale,Buyanja,Matale,17845
Kibaale,Buyanja,Mugarama,11878
Kibaale,Buyanja,Nyamarunda,24856
Kibaale,Buyanja,Nyamarwa,20010
Kiboga,Kiboga,Bukomero,30162
Kiboga,Kiboga,Bukomero Town Council,28364
Kiboga,Kiboga,Ddwaniro,24220
Kiboga,Kiboga,Kapeke,31144
Kiboga,Kiboga,Kibiga,51370
Kiboga,Kiboga,Kiboga Town Council,38676
Kiboga,Kiboga,Lwamata,56496
Kiboga,Kiboga,Muwanga,36004
Kibuku,Kibuku,Bulangira,24169
Kibuku,Kibuku,Buseta,16691
Kibuku,Kibuku,Kabweri,15338
Kibuku,Kibuku,Kadama,19974
Kibuku,Kibuku,Kagumu,27442
Kibuku,Kibuku,Kasasira,22409
Kibuku,Kibuku,Kibuku,12530
Kibuku,Kibuku,Kibuku Town Council,8507
Kibuku,Kibuku,Kirika,23542
Kibuku,Kibuku,Tirinyi,31431
Kiruhura,Kazo,Buremba,21003
Kiruhura,Kazo,Burunga,23969
Kiruhura,Kazo,Engari,25006
Kiruhura,Kazo,Kanoni,16818
Kiruhura,Kazo,Kazo,28824
Kiruhura,Kazo,Kazo Town Council,12944
Kiruhura,Kazo,Nkungu,24991
Kiruhura,Kazo,Rwemikoma,23499
Kiruhura,Nyabushozi,Kanyaryeru,7485
Kiruhura,Nyabushozi,Kashongi,25032
Kiruhura,Nyabushozi,Kenshunga,25377
Kiruhura,Nyabushozi,Kikaatsi,18922
Kiruhura,Nyabushozi,Kinoni,20653
Kiruhura,Nyabushozi,Kiruhura Town Council,5589
Kiruhura,Nyabushozi,Kitura,15604
Kiruhura,Nyabushozi,Nyakashashara,16255
Kiruhura,Nyabushozi,Sanga,7029
Kiruhura,Nyabushozi,Sanga Town Council,9077
Kiryandongo,Kibanda,Bweyale Town Council,31173
Kiryandongo,Kibanda,Kigumba,43940
Kiryandongo,Kibanda,Kigumba Town Council,18625
Kiryandongo,Kibanda,Kiryandongo,80357
Kiryandongo,Kibanda,Kiryandongo Refugee Camp,14069
Kiryandongo,Kibanda,Kiryandongo Town Council,5972
Kiryandongo,Kibanda,Masindi Port,8875
Kiryandongo,Kibanda,Mutunda,63186
Kisoro,Bufumbira,Bukimbiri,15377
Kisoro,Bufumbira,Busanza,17864
Kisoro,Bufumbira,Chahi,18809
Kisoro,Bufumbira,Kanaba,16112
Kisoro,Bufumbira,Kirundo,17879
Kisoro,Bufumbira,Muramba,36308
Kisoro,Bufumbira,Murora,19209
Kisoro,Bufumbira,Nyabwishenya,15186
Kisoro,Bufumbira,Nyakabande,24879
Kisoro,Bufumbira,Nyakinama,19676
Kisoro,Bufumbira,Nyarubuye,18909
Kisoro,Bufumbira,Nyarusiza,30308
Kisoro,Bufumbira,Nyundo,13160
Kisoro,Bufumbira,Rubuguri Town Council,2170
Kisoro,Kisoro Municipality,Central,4916
Kisoro,Kisoro Municipality,Northern,5342
Kisoro,Kisoro Municipality,Southern,5601
Kumi,Kumi,Atutur,21570
Kumi,Kumi,Kanyum,41801
Kumi,Kumi,Kumi,17561
Kumi,Kumi,Mukongoro,46798
Kumi,Kumi,Nyero,33061
Kumi,Kumi,Ongino,41984
Kumi,Kumi Municipality,Northern Divison,17861
Kumi,Kumi Municipality,Southern Division,18632
Kween,Kween,Benet,11117
Kween,Kween,Binyiny,5056
Kween,Kween,Binyiny Town Council,3288
Kween,Kween,Kaproron,5113
Kween,Kween,Kaptoyoy,8239
Kween,Kween,Kaptum,9404
Kween,Kween,Kiriki,4863
Kween,Kween,Kitawoi,7499
Kween,Kween,Kwanyiy,10054
Kween,Kween,Kwosir,11899
Kween,Kween,Moyok,5774
Kween,Kween,Ngenge,11361
Kyankwanzi,Kiboga,Bananywa,62292
Kyankwanzi,Kiboga,Butemba,38274
Kyankwanzi,Kiboga,Butemba Town Council,28692
Kyankwanzi,Kiboga,Byerima,31622
Kyankwanzi,Kiboga,Gayaza,40858
Kyankwanzi,Kiboga,Kyankwanzi,13596
Kyankwanzi,Kiboga,Kyankwanzi Town Council,12256
Kyankwanzi,Kiboga,Mulagi,26002
Kyankwanzi,Kiboga,Nkandwa,25796
Kyankwanzi,Kiboga,Nsambya,52764
Kyankwanzi,Kiboga,Ntwetwe,34978
Kyankwanzi,Kiboga,Ntwetwe Town Council,20294
Kyankwanzi,Kiboga,Wattuba,41962
Kyegegwa,Kyaka,Hapuuyo,45211
Kyegegwa,Kyaka,Kabweza Kyegegwa,25219
Kyegegwa,Kyaka,Kakabara,48502
Kyegegwa,Kyaka,Kasule,23836
Kyegegwa,Kyaka,Kyaka Ii Refugee Camp,17438
Kyegegwa,Kyaka,Kyegegwa Town Council,18763
Kyegegwa,Kyaka,Mpara,38110
Kyegegwa,Kyaka,Ruyonza,28180
Kyegegwa,Kyaka,Rwentuha,36378
Kyenjojo,Mwenge,Bufunjo,50040
Kyenjojo,Mwenge,Bugaaki,31549
Kyenjojo,Mwenge,Butiiti,18855
Kyenjojo,Mwenge,Butunduzi,12588
Kyenjojo,Mwenge,Butunduzi Town Council,14111
Kyenjojo,Mwenge,Katooke,35277
Kyenjojo,Mwenge,Katooke Town Council,14594
Kyenjojo,Mwenge,Kigaraale,23964
Kyenjojo,Mwenge,Kihuura,29129
Kyenjojo,Mwenge,Kisojo,22065
Kyenjojo,Mwenge,Kyarusozi,57662
Kyenjojo,Mwenge,Kyarusozi Town Council,13147
Kyenjojo,Mwenge,Kyenjojo Town Council,22960
Kyenjojo,Mwenge,Nyabuharwa,24730
Kyenjojo,Mwenge,Nyankwanzi,27320
Kyenjojo,Mwenge,Nyantungo,24213
Kyotera,Kooki,Kasasa,34208
Kyotera,Kooki,Kibanda,49118
Kyotera,Kooki,Kyebe,41374
Kyotera,Kyotera,Kabira,61594
Kyotera,Kyotera,Kalisizo,35984
Kyotera,Kyotera,Kalisizo Town Council,27962
Kyotera,Kyotera,Kasaali Town Council,53104
Kyotera,Kyotera,Kirumba,49984
Kyotera,Kyotera,Kyotera Town Council,25338
Kyotera,Kyotera,Lwankoni,29774
Kyotera,Kyotera,Nabigasa,41316
Luuka,Luuka,Bukanga,41663
Luuka,Luuka,Bukooma,39206
Luuka,Luuka,Bulongo,28247
Luuka,Luuka,Ikumbya,34278
Luuka,Luuka,Irongo,26423
Luuka,Luuka,Luuka Town Council,10264
Luuka,Luuka,Nawampiti,21313
Luuka,Luuka,Waibuga,36626
Luwero,Bamunanika,Bamunanika,57550
Luwero,Bamunanika,Kalagala,89140
Luwero,Bamunanika,Kamira,52776
Luwero,Bamunanika,Kikyusa,69478
Luwero,Bamunanika,Zirobwe,89984
Luwero,Katikamu,Bombo Town Council,51664
Luwero,Katikamu,Butuntumula,70628
Luwero,Katikamu,Katikamu,86892
Luwero,Katikamu,Luwero,67102
Luwero,Katikamu,Luwero Town Council,85738
Luwero,Katikamu,Makulubita,65794
Luwero,Katikamu,Nyimbwa,73074
Luwero,Katikamu,Wobulenzi Town Council,54096
Lwengo,Bukoto,Kisekka,98460
Lwengo,Bukoto,Kkingo,68776
Lwengo,Bukoto,Kyazanga,69544
Lwengo,Bukoto,Kyazanga Town Council,30392
Lwengo,Bukoto,Lwengo,99826
Lwengo,Bukoto,Lwengo Town Council,28610
Lwengo,Bukoto,Malongo,77022
Lwengo,Bukoto,Ndagwe,77276
Lyantonde,Kabula,Kaliiro,36624
Lyantonde,Kabula,Kasagama,22074
Lyantonde,Kabula,Kinuuka,17476
Lyantonde,Kabula,Lyantonde,36088
Lyantonde,Kabula,Lyantonde Town Council,27646
Lyantonde,Kabula,Mpumudde,47598
Manafwa,Bubulo,Bugobero,13423
Manafwa,Bubulo,Bukhofu,7367
Manafwa,Bubulo,Bukusu,12578
Manafwa,Bubulo,Bunabwana,9594
Manafwa,Bubulo,Bunyinza Town Council,2279
Manafwa,Bubulo,Busukuya,12860
Manafwa,Bubulo,Butiru,17681
Manafwa,Bubulo,Butta,4081
Manafwa,Bubulo,Buwagogo,6994
Manafwa,Bubulo,Buwangani Town Council,4922
Manafwa,Bubulo,Kaato,4351
Manafwa,Bubulo,Khabutoola,14951
Manafwa,Bubulo,Manafwa Town Council,13645
Manafwa,Bubulo,Nalondo,5835
Manafwa,Bubulo,Sibanga,7427
Manafwa,Bubulo,Sisuni,3990
Manafwa,Bubulo,Weswa,7566
Masaka,Bukoto,Bukakata,35486
Masaka,Bukoto,Buwunga,84436
Masaka,Bukoto,Kabonera,66006
Masaka,Bukoto,Kyanamukaaka,63042
Masaka,Bukoto,Kyesiiga,49664
Masaka,Bukoto,Mukungwe,88920
Masaka,Masaka Municipality,Katwe-Butego Division,50706
Masaka,Masaka Municipality,Kimaanya-Kyabakuza Division,68520
Masaka,Masaka Municipality,Nyendo-Ssenyange Division,87228
Masindi,Bujenje,Budongo,51935
Masindi,Bujenje,Bwijanga,52084
Masindi,Buruli,Kimengo,14008
Masindi,Buruli,Miirya,20246
Masindi,Buruli,Pakanyi,58402
Masindi,Masindi Municipality,Central Division,40826
Masindi,Masindi Municipality,Karujubu Division,27824
Masindi,Masindi Municipality,Kigulya Division,12747
Masindi,Masindi Municipality,Nyangahya Division,13041
Mayuge,Bunya,Baitambogwe,37949
Mayuge,Bunya,Bukabooli,43263
Mayuge,Bunya,Bukatube,40098
Mayuge,Bunya,Busakira,29097
Mayuge,Bunya,Buwaaya,21272
Mayuge,Bunya,Imanyiro,31362
Mayuge,Bunya,Jaguzi,13217
Mayuge,Bunya,Kigandalo,31516
Mayuge,Bunya,Kityerera,46149
Mayuge,Bunya,Magamaga Town Council,16363
Mayuge,Bunya,Malongo,102061
Mayuge,Bunya,Mayuge Town Council,17392
Mayuge,Bunya,Mpungwe,25642
Mayuge,Bunya,Wairasa,17858
Mbale,Bungokho,Bubyangu,21039
Mbale,Bungokho,Budwale,7669
Mbale,Bungokho,Bufumbo,19756
Mbale,Bungokho,Bukasakya,29663
Mbale,Bungokho,Bukiende,21815
Mbale,Bungokho,Bukonde,19102
Mbale,Bungokho,Bumasikye,12268
Mbale,Bungokho,Bumbobi,16352
Mbale,Bungokho,Bungokho,28606
Mbale,Bungokho,Bungokho Mutoto,34372
Mbale,Bungokho,Busano,14833
Mbale,Bungokho,Busiu,22125
Mbale,Bungokho,Busiu Town Council,1981
Mbale,Bungokho,Busoba,20796
Mbale,Bungokho,Lukhonge,9625
Mbale,Bungokho,Lwasso,8962
Mbale,Bungokho,Nabumali Town Council,3659
Mbale,Bungokho,Nakaloke,22801
Mbale,Bungokho,Nakaloke Town Council,28047
Mbale,Bungokho,Namanyonyi,30754
Mbale,Bungokho,Nyondo,8578
Mbale,Bungokho,Wanale,13300
Mbale,Mbale Municipality,Industrial Divison,40395
Mbale,Mbale Municipality,Northern Division,37908
Mbale,Mbale Municipality,Wanale Division,14554
Mbarara,Kashari,Bubaare,22458
Mbarara,Kashari,Bukiro,14559
Mbarara,Kashari,Kagongi,20712
Mbarara,Kashari,Kashare,22911
Mbarara,Kashari,Rubaya,18245
Mbarara,Kashari,Rubindi,23860
Mbarara,Kashari,Rwanyamahembe,26841
Mbarara,Mbarara Municipality,Biharwe Division,21906
Mbarara,Mbarara Municipality,Kakiika Division,21676
Mbarara,Mbarara Municipality,Kakoba Division,55538
Mbarara,Mbarara Municipality,Kamukuzi Division,34888
Mbarara,Mbarara Municipality,Nyakayojo Division,38185
Mbarara,Mbarara Municipality,Nyamitanga Division,23125
Mbarara,Rwampara,Bugamba,34734
Mbarara,Rwampara,Mwizi,34602
Mbarara,Rwampara,Ndeija,31491
Mbarara,Rwampara,Rugando,26898
Mitooma,Ruhinda,Bitereko,27876
Mitooma,Ruhinda,Kabira,11040
Mitooma,Ruhinda,Kanyabwanga,18362
Mitooma,Ruhinda,Kashenshero,12091
Mitooma,Ruhinda,Kashenshero Town Council,5756
Mitooma,Ruhinda,Katenga,17573
Mitooma,Ruhinda,Kiyanga,20116
Mitooma,Ruhinda,Mayanga,11230
Mitooma,Ruhinda,Mitooma,18496
Mitooma,Ruhinda,Mitooma Town Council,5640
Mitooma,Ruhinda,Mutara,23113
Mitooma,Ruhinda,Rurehe,12151
Mityana,Busujju,Bbanda,27194
Mityana,Busujju,Butayunja,21766
Mityana,Busujju,Kakindu,36846
Mityana,Busujju,Maanyi,42572
Mityana,Busujju,Malangala,48318
Mityana,Mityana,Bulera,60050
Mityana,Mityana,Busunju Town Council,14258
Mityana,Mityana,Kalangaalo,61264
Mityana,Mityana,Kikandwa,59398
Mityana,Mityana,Namungo,34322
Mityana,Mityana,Ssekanyonyi,61084
Mityana,Mityana Municipality,Busimbi Division,85458
Mityana,Mityana Municipality,Central Division,45030
Mityana,Mityana Municipality,Ttamu Division,60368
Mpigi,Mawokota,Buwama,101022
Mpigi,Mawokota,Kammengo,77846
Mpigi,Mawokota,Kiringente,45450
Mpigi,Mawokota,Kituntu,44542
Mpigi,Mawokota,Mpigi Town Council,86720
Mpigi,Mawokota,Muduuma,61272
Mpigi,Mawokota,Nkozi,84244
Mubende,Buwekula,Butoloogo,88748
Mubende,Buwekula,Kitenga,122842
Mubende,Buwekula,Kiyuni,33762
Mubende,Buwekula,Madudu,73794
Mubende,Kasambya,Bagezza,23356
Mubende,Kasambya,Kasambya,76432
Mubende,Kasambya,Kibalinga,72352
Mubende,Kasambya,Kigando,81090
Mubende,Kasambya,Nabingoola,72304
Mubende,Kassanda,Bukuya,62218
Mubende,Kassanda,Kalwana,66280
Mubende,Kassanda,Kassanda,87714
Mubende,Kassanda,Kiganda,76454
Mubende,Kassanda,Kitumbi,117422
Mubende,Kassanda,Makokoto,15962
Mubende,Kassanda,Manyogaseka,23468
Mubende,Kassanda,Myanzi,42942
Mubende,Kassanda,Nalutuntu,50628
Mubende,Mubende Municipality,Eastern Division,55408
Mubende,Mubende Municipality,Southern Division,68294
Mubende,Mubende Municipality,Western Division,57226
Mukono,Mukono,Koome Island,37556
Mukono,Mukono,Kyampisi,90148
Mukono,Mukono,Mpatta,34290
Mukono,Mukono,Mpunge,27838
Mukono,Mukono,Nakisunga,96660
Mukono,Mukono,Nama,108536
Mukono,Mukono,Ntenjeru,82208
Mukono,Mukono Municipality,Central Division,139342
Mukono,Mukono Municipality,Goma Division,186078
Mukono,Nakifuma,Kasawo,71854
Mukono,Nakifuma,Kimenyedde,71224
Mukono,Nakifuma,Nabbaale,73384
Mukono,Nakifuma,Nagojje,69006
Mukono,Nakifuma,Ntunda,30132
Mukono,Nakifuma,Seeta Namuganga,75352
Nakaseke,Nakaseke,Butalangu Town Council,8192
Nakaseke,Nakaseke,Kapeeka,55666
Nakaseke,Nakaseke,Kasangombe,43514
Nakaseke,Nakaseke,Kikamulo,36870
Nakaseke,Nakaseke,Kinoni,13370
Nakaseke,Nakaseke,Kinyogoga,23278
Nakaseke,Nakaseke,Kito,19502
Nakaseke,Nakaseke,Kiwoko Town Council,22194
Nakaseke,Nakaseke,Nakaseke,35270
Nakaseke,Nakaseke,Nakaseke Town Council,14496
Nakaseke,Nakaseke,Ngoma,15706
Nakaseke,Nakaseke,Ngoma Town Council,12570
Nakaseke,Nakaseke,Semuto,46808
Nakaseke,Nakaseke,Semuto Town Council,21342
Nakaseke,Nakaseke,Wakyato,25968
Nakasongola,Buruli,Kakooge,40874
Nakasongola,Buruli,Kakooge Town Council,17952
Nakasongola,Buruli,Kalongo,38944
Nakasongola,Buruli,Kalungi,47552
Nakasongola,Buruli,Lwabiyata,31220
Nakasongola,Buruli,Lwampanga,59358
Nakasongola,Buruli,Migeera Town Council,11718
Nakasongola,Buruli,Nabisweera,33044
Nakasongola,Buruli,Nakasongola Town Council,19664
Nakasongola,Buruli,Nakitoma,26636
Nakasongola,Buruli,Wabinyonyi,36628
Namayingo,Bukooli,Banda,43345
Namayingo,Bukooli,Buhemba,27616
Namayingo,Bukooli,Bukana,8538
Namayingo,Bukooli,Buswale,26762
Namayingo,Bukooli,Buyinja,22422
Namayingo,Bukooli,Lolwe,12190
Namayingo,Bukooli,Mutumba,42340
Namayingo,Bukooli,Namayingo Town Council,15740
Namayingo,Bukooli,Sigulu Island,16490
Namisindwa,Namisindwa,Bubutu,23224
Namisindwa,Namisindwa,Bukhabusi,9853
Namisindwa,Namisindwa,Bukhaweka,9119
Namisindwa,Namisindwa,Bukiabi,11262
Namisindwa,Namisindwa,Bukokho,19498
Namisindwa,Namisindwa,Bumbo,16595
Namisindwa,Namisindwa,Bumwoni,19278
Namisindwa,Namisindwa,Bupoto,11273
Namisindwa,Namisindwa,Buwabwala,6911
Namisindwa,Namisindwa,Lwakhakha Town Council,9148
Namisindwa,Namisindwa,Magale,16535
Namisindwa,Namisindwa,Magale Town Council,4047
Namisindwa,Namisindwa,Mukoto,8022
Namisindwa,Namisindwa,Namabya,10478
Namisindwa,Namisindwa,Namboko,10258
Namisindwa,Namisindwa,Namisindwa Town Council,2364
Namisindwa,Namisindwa,Tsekululu,16416
Namutumba,Busiki,Bulange,44683
Namutumba,Busiki,Ivukula,28127
Namutumba,Busiki,Kibaale,16001
Namutumba,Busiki,Magada,48559
Namutumba,Busiki,Nabweyo,16813
Namutumba,Busiki,Namutumba,37485
Namutumba,Busiki,Namutumba Town Council,18679
Namutumba,Busiki,Nangonde,16661
Namutumba,Busiki,Nsinze,25549
Ngora,Ngora,Kapir,31208
Ngora,Ngora,Kobwin,33357
Ngora,Ngora,Mukura,33586
Ngora,Ngora,Ngora,28620
Ngora,Ngora,Ngora Town Council,15148
Ntoroko,Ntoroko,Butungama,9988
Ntoroko,Ntoroko,Bweramule,6262
Ntoroko,Ntoroko,Kanara,7962
Ntoroko,Ntoroko,Kanara Town Council,7988
Ntoroko,Ntoroko,Karugutu,6252
Ntoroko,Ntoroko,Karugutu Town Council,10483
Ntoroko,Ntoroko,Kibuuku Town Council,2174
Ntoroko,Ntoroko,Nombe,8216
Ntoroko,Ntoroko,Rwebisengo,4536
Ntoroko,Ntoroko,Rwebisengo Town Council,3144
Ntungamo,Kajara,Bwongyera,34885
Ntungamo,Kajara,Ihunga,15289
Ntungamo,Kajara,Kagarama Town Council,10874
Ntungamo,Kajara,Kibatsi,19469
Ntungamo,Kajara,Nyabihoko,22005
Ntungamo,Kajara,Rwashamaire Town Council,7708
Ntungamo,Ntungamo Municipality,Central Division,7738
Ntungamo,Ntungamo Municipality,Eastern Division,5748
Ntungamo,Ntungamo Municipality,Western Division,5233
Ntungamo,Ruhaama,Itojo,22275
Ntungamo,Ruhaama,Kitwe Town Council,18039
Ntungamo,Ruhaama,Ntungamo,31169
Ntungamo,Ruhaama,Nyakyera,38419
Ntungamo,Ruhaama,Ruhaama,42885
Ntungamo,Ruhaama,Rukoni East,23602
Ntungamo,Ruhaama,Rukoni West,16858
Ntungamo,Ruhaama,Rweikiniro,36651
Ntungamo,Rushenyi,Kayonza,27616
Ntungamo,Rushenyi,Ngoma,27482
Ntungamo,Rushenyi,Rubaare,25414
Ntungamo,Rushenyi,Rubaare Town Council,13332
Ntungamo,Rushenyi,Rugarama,31150
Pallisa,Agule,Agule,18132
Pallisa,Agule,Akisim,13055
Pallisa,Agule,Apopong,26253
Pallisa,Agule,Chelekura,11738
Pallisa,Agule,Gogonyo,30406
Pallisa,Agule,Kameke,17320
Pallisa,Pallisa,Kamuge,21583
Pallisa,Pallisa,Kasodo,14333
Pallisa,Pallisa,Olok,16273
Pallisa,Pallisa,Pallisa,15400
Pallisa,Pallisa,Pallisa Town Council,33138
Pallisa,Pallisa,Puti-Puti,24288
Rakai,Kakuuto,Kakuuto,78488
Rakai,Kakuuto,Kifamba,29076
Rakai,Kooki,Byakabanda,37510
Rakai,Kooki,Ddwaniro,65628
Rakai,Kooki,Kacheera,47646
Rakai,Kooki,Kagamba,67804
Rakai,Kooki,Kiziba,40882
Rakai,Kooki,Kyalulangira,55644
Rakai,Kooki,Lwamaggwa,88008
Rakai,Kooki,Lwanda,57394
Rakai,Kooki,Rakai Town Council,14782
Rubanda,Rubanda,Bubaare,33820
Rubanda,Rubanda,Bufundi,25591
Rubanda,Rubanda,Hamurwa,26985
Rubanda,Rubanda,Hamurwa Town Council,5100
Rubanda,Rubanda,Ikumba,18555
Rubanda,Rubanda,Muko,37717
Rubanda,Rubanda,Nyamweru,17360
Rubanda,Rubanda,Rubanda Town Council,21569
Rubanda,Rubanda,Ruhija,10199
Rubirizi,Bunyaruguru,Katunguru,3805
Rubirizi,Bunyaruguru,Kichwamba,16641
Rubirizi,Bunyaruguru,Magambo,11557
Rubirizi,Bunyaruguru,Rubiriziri Town Council,8204
Rubirizi,Bunyaruguru,Rutoto,13251
Rubirizi,Bunyaruguru,Ryeru,13241
Rubirizi,Katerera,Katanda,18828
Rubirizi,Katerera,Katerera,10489
Rubirizi,Katerera,Katerera Town Council,9070
Rubirizi,Katerera,Kirugu,11302
Rubirizi,Katerera,Kyabakara,12761
Rukiga,Rukiga,Bukinda,9858
Rukiga,Rukiga,Kamwezi,26538
Rukiga,Rukiga,Kashambya,26058
Rukiga,Rukiga,Mparo Town Council,3714
Rukiga,Rukiga,Muhanga Town Council,11758
Rukiga,Rukiga,Rwamucucu,22800
Rukungiri,Rubabo,Buyanja,31104
Rukungiri,Rubabo,Buyanja Town Council,5031
Rukungiri,Rubabo,Kebisoni,22442
Rukungiri,Rubabo,Kebisoni Town Council,3506
Rukungiri,Rubabo,Nyakishenyi,34133
Rukungiri,Rubabo,Nyarushanje,44883
Rukungiri,Rujumbura,Bugangari,29942
Rukungiri,Rujumbura,Buhunga,22088
Rukungiri,Rujumbura,Bwambara,28875
Rukungiri,Rujumbura,Nyakagyeme,31848
Rukungiri,Rujumbura,Ruhinda,25803
Rukungiri,Rukungiri Municipality,Eastern Divison,12285
Rukungiri,Rukungiri Municipality,Southern Division,9214
Rukungiri,Rukungiri Municipality,Western Division,13540
Serere,Kasilo,Bugondo,35478
Serere,Kasilo,Kadungulu,32917
Serere,Kasilo,Kasilo Town Council,3537
Serere,Kasilo,Labori,19877
Serere,Kasilo,Pingire,34516
Serere,Serere,Atiira,20406
Serere,Serere,Kateta,54381
Serere,Serere,Kyere,47898
Serere,Serere,Olio,28272
Serere,Serere,Serere Town Council,8621
Sheema,Sheema,Bugongi Town Council,11547
Sheema,Sheema,Kakindo Town Council,9945
Sheema,Sheema,Kasaana,17080
Sheema,Sheema,Kigarama,21126
Sheema,Sheema,Kitagata,18249
Sheema,Sheema,Kyangyenyi,9527
Sheema,Sheema,Masheruka,16461
Sheema,Sheema,Rugarama,9239
Sheema,Sheema,Shuuku,5405
Sheema,Sheema,Shuuku Town Council,8029
Sheema,Sheema Municipality,Kabwohe Division,19781
Sheema,Sheema Municipality,Kagango Division,25778
Sheema,Sheema Municipality,Kashozi Division,13866
Sheema,Sheema Municipality,Sheema Central Division,21310
Sironko,Budadiri,Budadiri Town Council,17001
Sironko,Budadiri,Bugitimwa,8496
Sironko,Budadiri,Buhugu,7432
Sironko,Budadiri,Bukhulo,18100
Sironko,Budadiri,Bukiise,20538
Sironko,Budadiri,Bukiyi,12967
Sironko,Budadiri,Bukyabo,7169
Sironko,Budadiri,Bukyambi,3519
Sironko,Budadiri,Bumalimba,16910
Sironko,Budadiri,Bumasifwa,10316
Sironko,Budadiri,Bunyafa,11757
Sironko,Budadiri,Busulani,7569
Sironko,Budadiri,Butandiga,5984
Sironko,Budadiri,Buteza,11274
Sironko,Budadiri,Buwalasi,13698
Sironko,Budadiri,Buwasa,8742
Sironko,Budadiri,Buyobo,13517
Sironko,Budadiri,Masaba,10166
Sironko,Budadiri,Nalusala,9381
Sironko,Budadiri,Sironko Town Council,17103
Sironko,Budadiri,Zesui,10782
Soroti,Soroti,Arapai,40428
Soroti,Soroti,Asuret,39638
Soroti,Soroti,Gweri,47898
Soroti,Soroti,Kamuda,37023
Soroti,Soroti,Katine,35072
Soroti,Soroti,Soroti,25116
Soroti,Soroti,Tubur,21973
Soroti,Soroti Municipality,Eastern Division,18760
Soroti,Soroti Municipality,Northern Division,19117
Soroti,Soroti Municipality,Western Division,11808
Ssembabule,Lwemiyaga,Lwemiyaga,73358
Ssembabule,Lwemiyaga,Ntuusi,47924
Ssembabule,Mawogola,Lugusulu,62522
Ssembabule,Mawogola,Lwebitakuli,123488
Ssembabule,Mawogola,Mateete,104142
Ssembabule,Mawogola,Mateete Town Council,20594
Ssembabule,Mawogola,Mijwala,59862
Ssembabule,Mawogola,Sembabule Town Council,13304
Tororo,Tororo,Kwapa,20160
Tororo,Tororo,Malaba Town Council,17968
Tororo,Tororo,Mella,19261
Tororo,Tororo,Merikit,25769
Tororo,Tororo,Molo,18803
Tororo,Tororo,Mukuju,38209
Tororo,Tororo,Osukuru,45884
Tororo,Tororo Municipality,Eastern Division,19074
Tororo,Tororo Municipality,Western Division,22942
Tororo,West Budama,Iyolwa,20295
Tororo,West Budama,Kirewa,28113
Tororo,West Budama,Kisoko,19014
Tororo,West Budama,Magola,17824
Tororo,West Budama,Mulanda,38798
Tororo,West Budama,Nabuyoga,30926
Tororo,West Budama,Nagongera,25522
Tororo,West Budama,Nagongera Town Council,12341
Tororo,West Budama,Paya,29487
Tororo,West Budama,Petta,15791
Tororo,West Budama,Rubongi,36527
Tororo,West Budama,Sop-Sop,14372
Wakiso,Busiro,Bussi,31654
Wakiso,Busiro,Kajjansi Town Council,185832
Wakiso,Busiro,Kakiri,78274
Wakiso,Busiro,Kakiri Town Council,38514
Wakiso,Busiro,Kasanje,58016
Wakiso,Busiro,Katabi Town Council,211338
Wakiso,Busiro,Kyengera Town Council,391062
Wakiso,Busiro,Masuliita,21428
Wakiso,Busiro,Masulita Town Council,29178
Wakiso,Busiro,Mende,52654
Wakiso,Busiro,Namayumba,36352
Wakiso,Busiro,Namayumba Town Council,30288
Wakiso,Busiro,Wakiso,353560
Wakiso,Busiro,Wakiso Town Council,120420
Wakiso,Entebbe Municipality,Division A,78968
Wakiso,Entebbe Municipality,Division B,61470
Wakiso,Kira Municipality,Bweyogerere Division,213684
Wakiso,Kira Municipality,Kira Division,120998
Wakiso,Kira Municipality,Namugongo Division,299632
Wakiso,Kyadondo,Kasangati Town Council,284722
Wakiso,Makindye Ssabagabo Municipality,Bunamwaya Division,145066
Wakiso,Makindye Ssabagabo Municipality,Masajja Division,234496
Wakiso,Makindye Ssabagabo Municipality,Ndejje Division,186982
Wakiso,Nansana Municipality,Busukuma Division,75460
Wakiso,Nansana Municipality,Gombe Division,153278
Wakiso,Nansana Municipality,Nabweru Division,212530
Wakiso,Nansana Municipality,Nansana Division,288980
